drug_concept_id,ingredient_concept_id,amount_value,amount_unit_concept_id,numerator_value,numerator_unit_concept_id,denominator_value,denominator_unit_concept_id,box_size,valid_start_date,valid_end_date,invalid_reason,load_table_id,load_row_id
44029800,1135766,,8576,,,,,,01/01/1970,31/12/2099,,drug_strength,0
40893340,919839,,8576,,,,,,01/01/1970,31/12/2099,,drug_strength,0
43621110,43532148,,8576,,,,,,01/07/2013,31/12/2099,,drug_strength,0
44183309,943852,,8576,,,,,,01/01/1970,31/12/2099,,drug_strength,0
36857196,36857196,,8576,,,,,,01/01/1970,31/12/2099,,drug_strength,0
44082268,1317640,,8576,,,,,,01/01/1970,31/12/2099,,drug_strength,0
36889547,19051234,,8576,,,,,,01/01/1970,31/12/2099,,drug_strength,0
41206710,1000560,,8576,,,,,,01/01/1970,31/12/2099,,drug_strength,0
40722039,19016435,,8576,,,,,,01/01/1970,31/12/2099,,drug_strength,0
44070566,19037223,,8510,,,,,,01/01/1970,31/12/2099,,drug_strength,0
41080872,1103314,,8576,,,,,,01/01/1970,31/12/2099,,drug_strength,0
43190161,1125315,,8576,,,,,,01/01/1970,31/12/2099,,drug_strength,0
40078149,1105889,,8576,,,,,,01/01/1970,31/12/2099,,drug_strength,0
44107474,1353228,,8576,,,,,,01/01/1970,31/12/2099,,drug_strength,0
43276904,1360067,,8576,,,,,,01/01/1970,31/12/2099,,drug_strength,0
44056290,1394027,,8576,,,,,,01/01/1970,31/12/2099,,drug_strength,0
44031837,42898493,,8576,,,,,,01/10/2012,31/12/2099,,drug_strength,0
964168,964168,,8576,,,,,,02/04/2018,31/12/2099,,drug_strength,0
44120849,19024770,,8576,,,,,,01/01/1970,31/12/2099,,drug_strength,0
41111808,43532148,,8576,,,,,,01/07/2013,31/12/2099,,drug_strength,0
40028586,1518254,,8576,,,,,,01/01/1970,31/12/2099,,drug_strength,0
43134102,1344381,,8576,,,,,,01/01/1970,31/12/2099,,drug_strength,0
40062926,1521369,,8576,,,,,,01/01/1970,31/12/2099,,drug_strength,0
41301351,1106647,,8576,,,,,,01/01/1970,31/12/2099,,drug_strength,0
44175983,42904269,,8576,,,,,,03/12/2012,31/12/2099,,drug_strength,0
44122595,19092849,,8576,,,,,,01/01/1970,31/12/2099,,drug_strength,0
40924580,43012215,,8576,,,,,,07/01/2013,31/12/2099,,drug_strength,0
43174066,1337620,,8576,,,,,,01/01/1970,31/12/2099,,drug_strength,0
36885644,19052489,,8576,,,,,,01/01/1970,31/12/2099,,drug_strength,0
41301022,19136028,,8576,,,,,,01/01/1970,31/12/2099,,drug_strength,0
1758725,975125,,8576,,,,,,01/01/1970,31/12/2099,,drug_strength,0
1301940,1301940,,8576,,,,,,01/05/2023,31/12/2099,,drug_strength,0
40830978,42899647,,9325,,,,,,01/10/2012,31/12/2099,,drug_strength,0
40090952,1436678,,8576,,,,,,01/01/1970,31/12/2099,,drug_strength,0
43525872,43525872,,8576,,,,,,01/04/2013,31/12/2099,,drug_strength,0
40062619,1707164,,8576,,,,,,01/01/1970,31/12/2099,,drug_strength,0
36854408,36854408,,8576,,,,,,01/01/1970,31/12/2099,,drug_strength,0
40986409,19111620,,8576,,,,,,01/01/1970,31/12/2099,,drug_strength,0
44108313,986417,,8576,,,,,,01/01/1970,31/12/2099,,drug_strength,0
41267418,40161706,,8576,,,,,,05/07/2009,31/12/2099,,drug_strength,0
44120670,19008281,,9325,,,,,,01/01/1970,31/12/2099,,drug_strength,0
36878620,36878620,,8576,,,,,,01/01/1970,31/12/2099,,drug_strength,0
41205662,1391307,,8576,,,,,,01/01/1970,31/12/2099,,drug_strength,0
44081922,19097109,,8576,,,,,,01/01/1970,31/12/2099,,drug_strength,0
42480279,1596977,,8510,,,,,,01/01/1970,31/12/2099,,drug_strength,0
35851220,925636,,8576,,,,,,01/01/1970,31/12/2099,,drug_strength,0
35144386,939976,,8576,,,,,,01/01/1970,31/12/2099,,drug_strength,0
588798,1338512,,8576,,,,,,01/01/1970,31/12/2099,,drug_strength,0
40832277,42899006,,9325,,,,,,01/10/2012,31/12/2099,,drug_strength,0
41205567,43012403,,8576,,,,,,07/01/2013,31/12/2099,,drug_strength,0
40925001,42899921,,8576,,,,,,01/10/2012,31/12/2099,,drug_strength,0
40744829,1593031,,8576,,,,,,07/08/2017,31/12/2099,,drug_strength,0
21031521,1560524,,8576,,,,,,01/01/1970,31/12/2099,,drug_strength,0
40141452,1308738,,8576,,,,,,01/01/1970,31/12/2099,,drug_strength,0
44107601,1036525,,8576,,,,,,01/01/1970,31/12/2099,,drug_strength,0
36853453,36853453,,8576,,,,,,01/01/1970,31/12/2099,,drug_strength,0
40153277,19043959,,8576,,,,,,01/01/1970,31/12/2099,,drug_strength,0
41080380,42898751,,8576,,,,,,01/10/2012,31/12/2099,,drug_strength,0
36421642,19136048,,8576,,,,,,01/01/1970,31/12/2099,,drug_strength,0
1511345,1511345,,8576,,,,,,06/05/2019,31/12/2099,,drug_strength,0
44109224,19079204,,8576,,,,,,01/01/1970,31/12/2099,,drug_strength,0
21066765,961145,,8576,,,,,,01/01/1970,31/12/2099,,drug_strength,0
41176092,1311799,,8576,,,,,,01/01/1970,31/12/2099,,drug_strength,0
43205875,1551860,,8576,,,,,,01/01/1970,31/12/2099,,drug_strength,0
35851117,948078,,8576,,,,,,01/01/1970,31/12/2099,,drug_strength,0
44094469,1361711,,8576,,,,,,01/01/1970,31/12/2099,,drug_strength,0
44120846,19014220,,8510,,,,,,01/01/1970,31/12/2099,,drug_strength,0
42615197,918172,,8576,,,,,,01/01/1970,31/12/2099,,drug_strength,0
44094826,42898864,,9325,,,,,,01/10/2012,31/12/2099,,drug_strength,0
40057654,996541,,8576,,,,,,01/01/1970,31/12/2099,,drug_strength,0
41018634,785788,,8576,,,,,,01/01/1970,31/12/2099,,drug_strength,0
43191599,1331247,,8576,,,,,,01/01/1970,31/12/2099,,drug_strength,0
42960277,43009008,,8576,,,,,,01/01/1970,31/12/2099,,drug_strength,0
40080505,19069022,,8576,,,,,,01/01/1970,31/12/2099,,drug_strength,0
21149455,1134439,,8576,,,,,,01/01/1970,31/12/2099,,drug_strength,0
42950353,1311409,,8576,,,,,,01/01/1970,31/12/2099,,drug_strength,0
36785253,1548195,,8576,,,,,,01/01/1970,31/12/2099,,drug_strength,0
44031677,19111620,,8576,,,,,,01/01/1970,31/12/2099,,drug_strength,0
42656044,35200416,,8510,,,,,,03/12/2018,31/12/2099,,drug_strength,0
41206077,36879061,,8576,,,,,,01/01/1970,31/12/2099,,drug_strength,0
41050580,19087317,,8576,,,,,,01/01/1970,31/12/2099,,drug_strength,0
40926054,1310317,,8576,,,,,,01/01/1970,31/12/2099,,drug_strength,0
44096447,19086712,,8576,,,,,,01/01/1970,31/12/2099,,drug_strength,0
35142081,35198172,,8576,,,,,,01/01/1970,31/12/2099,,drug_strength,0
43031669,907879,,8576,,,,,,01/01/1970,31/12/2099,,drug_strength,0
43271082,42899945,,8576,,,,,,01/10/2012,31/12/2099,,drug_strength,0
42924351,19123342,,8510,,,,,,01/01/1970,31/12/2099,,drug_strength,0
44109279,19096766,,8576,,,,,,01/01/1970,31/12/2099,,drug_strength,0
41019557,19111620,,8576,,,,,,01/01/1970,31/12/2099,,drug_strength,0
43179498,922191,,8576,,,,,,01/01/1970,31/12/2099,,drug_strength,0
44122278,19030059,,8576,,,,,,01/01/1970,31/12/2099,,drug_strength,0
40754113,19050346,,8576,,,,,,01/01/1970,31/12/2099,,drug_strength,0
41018293,739138,,8576,,,,,,01/01/1970,31/12/2099,,drug_strength,0
40989296,19137312,,8576,,,,,,01/01/1970,31/12/2099,,drug_strength,0
40243274,19035577,,8576,,,,,,01/01/1970,31/12/2099,,drug_strength,0
43150791,701322,,8576,,,,,,01/01/1970,31/12/2099,,drug_strength,0
43168361,19069022,,8576,,,,,,01/01/1970,31/12/2099,,drug_strength,0
43691625,1521369,,8576,,,,,,01/01/1970,31/12/2099,,drug_strength,0
41208317,1738521,,8576,,,,,,01/01/1970,31/12/2099,,drug_strength,0
42935658,1363053,,8576,,,,,,01/01/1970,31/12/2099,,drug_strength,0
44121878,1398399,,8576,,,,,,01/01/1970,31/12/2099,,drug_strength,0
35146156,19002230,,8576,,,,,,01/01/1970,31/12/2099,,drug_strength,0
40065602,19067971,,8576,,,,,,01/01/1970,31/12/2099,,drug_strength,0
44094981,19066865,,8576,,,,,,01/01/1970,31/12/2099,,drug_strength,0
42961454,43009037,,8576,,,,,,01/01/1970,31/12/2099,,drug_strength,0
42614929,19124906,,8576,,,,,,01/01/1970,31/12/2099,,drug_strength,0
35129476,35198153,,8576,,,,,,01/01/1970,31/12/2099,,drug_strength,0
44183267,40798760,,8576,,,,,,18/07/2017,31/12/2099,,drug_strength,0
41269306,40798801,,8576,,,,,,18/07/2017,31/12/2099,,drug_strength,0
41298454,43013715,,8576,,,,,,04/03/2013,31/12/2099,,drug_strength,0
44056419,19135846,,9325,,,,,,01/01/1970,31/12/2099,,drug_strength,0
40925671,42904260,,8576,,,,,,03/12/2012,31/12/2099,,drug_strength,0
40895907,1112807,,8576,,,,,,01/01/1970,31/12/2099,,drug_strength,0
44057742,42898757,,8576,,,,,,01/10/2012,31/12/2099,,drug_strength,0
41267653,901656,,8576,,,,,,01/01/1970,31/12/2099,,drug_strength,0
40150568,1201620,,8576,,,,,,01/01/1970,31/12/2099,,drug_strength,0
35851383,923081,,8576,,,,,,01/01/1970,31/12/2099,,drug_strength,0
40233592,909440,,8576,,,,,,01/01/1970,31/12/2099,,drug_strength,0
41205933,962398,,8576,,,,,,01/01/1970,31/12/2099,,drug_strength,0
43761967,956874,,8576,,,,,,01/01/1970,31/12/2099,,drug_strength,0
36859723,36859723,,8576,,,,,,01/01/1970,31/12/2099,,drug_strength,0
41113526,915981,,8576,,,,,,01/01/1970,31/12/2099,,drug_strength,0
35850220,957623,,8576,,,,,,01/01/1970,31/12/2099,,drug_strength,0
43599655,19031397,,8576,,,,,,01/01/1970,31/12/2099,,drug_strength,0
42947794,1195334,,8576,,,,,,01/01/1970,31/12/2099,,drug_strength,0
40986838,19123246,,8576,,,,,,01/01/1970,31/12/2099,,drug_strength,0
36788072,45774639,,8576,,,,,,01/12/2014,31/12/2099,,drug_strength,0
35831336,1308738,,8576,,,,,,01/01/1970,31/12/2099,,drug_strength,0
44070589,19049909,,8576,,,,,,01/01/1970,31/12/2099,,drug_strength,0
44082216,704984,,8576,,,,,,01/01/1970,31/12/2099,,drug_strength,0
42800238,42800238,,8576,,,,,,04/06/2012,31/12/2099,,drug_strength,0
36850448,36850448,,8576,,,,,,01/01/1970,31/12/2099,,drug_strength,0
40167407,1154332,,8576,,,,,,01/01/1970,31/12/2099,,drug_strength,0
21153900,986417,,8576,,,,,,01/01/1970,31/12/2099,,drug_strength,0
43859206,40175801,,8510,,,,,,02/05/2010,31/12/2099,,drug_strength,0
40096061,1734205,,8576,,,,,,01/01/1970,31/12/2099,,drug_strength,0
44785412,19005452,,8576,,,,,,11/09/2005,31/12/2099,,drug_strength,0
40926691,45774905,,8576,,,,,,01/12/2014,31/12/2099,,drug_strength,0
43166452,19011438,,8576,,,,,,01/01/1970,31/12/2099,,drug_strength,0
44043212,19092061,,8576,,,,,,01/01/1970,31/12/2099,,drug_strength,0
40923789,19097592,,8576,,,,,,01/01/1970,31/12/2099,,drug_strength,0
44031862,912362,,8576,,,,,,01/01/1970,31/12/2099,,drug_strength,0
42706337,944360,,8576,,,,,,01/01/1970,31/12/2099,,drug_strength,0
44044621,19011773,,8576,,,,,,01/01/1970,31/12/2099,,drug_strength,0
1718661,1718661,,8576,,,,,,03/01/2017,31/12/2099,,drug_strength,0
779486,19046454,,8576,,,,,,04/06/2006,31/12/2099,,drug_strength,0
44042975,1310317,,8576,,,,,,01/01/1970,31/12/2099,,drug_strength,0
41111480,19049024,,8576,,,,,,01/01/1970,31/12/2099,,drug_strength,0
1234630,1560524,,8576,,,,,,01/01/1970,31/12/2099,,drug_strength,0
44070021,45892419,,8576,,,,,,02/03/2015,31/12/2099,,drug_strength,0
42613689,1125315,,8576,,,,,,01/01/1970,31/12/2099,,drug_strength,0
40864574,710062,,8576,,,,,,01/01/1970,31/12/2099,,drug_strength,0
43132977,962398,,8576,,,,,,01/01/1970,31/12/2099,,drug_strength,0
44081917,19014220,,8510,,,,,,01/01/1970,31/12/2099,,drug_strength,0
42957435,1149196,,8576,,,,,,01/01/1970,31/12/2099,,drug_strength,0
41082696,1394027,,8576,,,,,,01/01/1970,31/12/2099,,drug_strength,0
41299759,1503297,,8576,,,,,,01/01/1970,31/12/2099,,drug_strength,0
1234737,19049105,,8576,,,,,,01/01/1970,31/12/2099,,drug_strength,0
1592529,1126658,,,2,8576,,8587,,28/02/2010,31/12/2099,,drug_strength,0
43673881,19012686,,,2,8576,,8587,,02/08/2018,31/12/2099,,drug_strength,0
40739360,1114620,,,2,8576,,45744809,,04/06/2018,31/12/2099,,drug_strength,0
21121210,40226742,,,2,8576,,8587,,02/08/2018,31/12/2099,,drug_strength,0
35884823,19076414,,,2.75,8576,,8587,,07/12/2020,31/12/2099,,drug_strength,0
42710895,42899650,,,3,9324,,,,02/08/2018,31/12/2099,,drug_strength,0
43839928,44818506,,,3,9325,,,,02/08/2018,31/12/2099,,drug_strength,0
589064,19005046,,,4,8576,,8587,,02/08/2018,31/12/2099,,drug_strength,0
44090765,1036525,,,4,9325,,,,02/08/2018,31/12/2099,,drug_strength,0
40226616,1548195,,,4,8576,,8587,,01/01/1970,31/12/2099,,drug_strength,0
2047085,19066774,,,4.5,8576,,8587,,31/07/2020,31/12/2099,,drug_strength,0
43206503,1136487,,,5,8576,,8587,,02/08/2018,31/12/2099,,drug_strength,0
35134043,798874,,,5,8576,,8587,,11/03/2019,31/12/2099,,drug_strength,0
2074280,988294,,,5,8576,,8587,,31/07/2020,31/12/2099,,drug_strength,0
42714585,911486,,,5,8576,,8587,,02/08/2018,31/12/2099,,drug_strength,0
41085982,44507633,,,5,8576,,8587,,02/08/2018,31/12/2099,,drug_strength,0
44129603,43012724,,,6,9325,,,,02/08/2018,31/12/2099,,drug_strength,0
2073335,19070224,,,8.5,8576,,8587,,31/07/2020,31/12/2099,,drug_strength,0
35849138,967823,,,9,8576,,8587,,02/10/2020,31/12/2099,,drug_strength,0
19038950,948582,,,10,8510,,8576,,01/01/1970,31/12/2099,,drug_strength,0
779336,1301152,,,10,8576,,8587,,01/01/1970,31/12/2099,,drug_strength,0
779763,35200354,,,10,8576,,8587,,03/12/2018,31/12/2099,,drug_strength,0
41066914,1344905,,,10,8576,,8587,,02/08/2018,31/12/2099,,drug_strength,0
41110072,956874,,,10,8576,,8587,,02/08/2018,31/12/2099,,drug_strength,0
42966371,19037624,,,10,8576,,8587,,21/08/2018,31/12/2099,,drug_strength,0
40737547,990009,,,10,8576,,8587,,04/06/2018,31/12/2099,,drug_strength,0
43217213,19029824,,,12,8576,,8587,,02/08/2018,31/12/2099,,drug_strength,0
1742333,1742253,,,15,8576,,8587,,01/01/1970,31/12/2099,,drug_strength,0
40986011,19065820,,,18,8576,,8587,,02/08/2018,31/12/2099,,drug_strength,0
40861239,40798613,,,20,8576,,8587,,02/08/2018,31/12/2099,,drug_strength,0
43833563,1110410,,,20,8576,,8587,,02/08/2018,31/12/2099,,drug_strength,0
43283102,902251,,,20,8576,,8587,,02/08/2018,31/12/2099,,drug_strength,0
43265894,19035704,,,20,8576,,8587,,02/08/2018,31/12/2099,,drug_strength,0
41095261,1560524,,,20,8576,,8587,,02/08/2018,31/12/2099,,drug_strength,0
41065458,1124300,,,25,8576,,8587,,02/08/2018,31/12/2099,,drug_strength,0
41247258,19049024,,,25,8576,,8587,,02/08/2018,31/12/2099,,drug_strength,0
40237400,787787,,,30,8576,,8587,,01/01/1970,31/12/2099,,drug_strength,0
44051788,19037446,,,30,9325,,,,02/08/2018,31/12/2099,,drug_strength,0
19078286,928006,,,30,8576,,8587,,01/01/1970,31/12/2099,,drug_strength,0
40844419,1136980,,,30,8576,,8587,,02/08/2018,31/12/2099,,drug_strength,0
44110779,19066865,,,30,9325,,,,02/08/2018,31/12/2099,,drug_strength,0
44084982,40172684,,,30,9325,,,,02/08/2018,31/12/2099,,drug_strength,0
43766292,43014230,,,30,8576,,8587,,02/08/2018,31/12/2099,,drug_strength,0
40226645,989878,,,30,8576,,8587,,01/01/1970,31/12/2099,,drug_strength,0
43203953,1326901,,,40,8576,,8587,,02/08/2018,31/12/2099,,drug_strength,0
43193435,1344143,,,40,8576,,8587,,02/08/2018,31/12/2099,,drug_strength,0
36937722,902616,,,40,8576,,8587,,22/05/2023,31/12/2099,,drug_strength,0
40735931,908464,,,46,8576,,8587,,04/06/2018,31/12/2099,,drug_strength,0
589627,40241606,,,50,8576,,8587,,02/08/2018,31/12/2099,,drug_strength,0
36967383,1713332,,,50,8576,,8587,,22/05/2023,31/12/2099,,drug_strength,0
40921068,19126894,,,50,8576,,8587,,02/08/2018,31/12/2099,,drug_strength,0
19116123,1836430,,,80,8576,,8587,,01/01/1970,31/12/2099,,drug_strength,0
40972951,19071835,,,100,8576,,8587,,02/08/2018,31/12/2099,,drug_strength,0
19087689,1836503,,,100,8576,,8587,,01/01/1970,31/12/2099,,drug_strength,0
40890379,1436776,,,100,8576,,8587,,02/08/2018,31/12/2099,,drug_strength,0
42710437,19068028,,,100,8576,,8587,,02/08/2018,31/12/2099,,drug_strength,0
1758609,35201793,,,100,8576,,8587,,03/12/2018,31/12/2099,,drug_strength,0
19114529,1036252,,,100,8576,,8587,,01/01/1970,31/12/2099,,drug_strength,0
19122075,1036252,,,100,8576,,8587,,01/01/1970,31/12/2099,,drug_strength,0
41100324,42898418,,,200,8576,,8587,,02/08/2018,31/12/2099,,drug_strength,0
42925733,535714,,,200,8510,,8587,,21/08/2018,31/12/2099,,drug_strength,0
2074002,990499,,,480,8576,,8587,,31/07/2020,31/12/2099,,drug_strength,0
42716470,1036690,,,0.125,8576,,8576,,02/08/2018,31/12/2099,,drug_strength,0
40237812,1105889,,,0.25,8576,,8587,,04/07/2010,31/12/2099,,drug_strength,0
40720808,914244,,,0.25,8576,,8576,,04/06/2018,31/12/2099,,drug_strength,0
19113629,932745,,,0.25,8576,,8587,,01/01/1970,31/12/2099,,drug_strength,0
1560028,1188114,,,0.25,8576,,8587,,01/01/1970,31/12/2099,,drug_strength,0
43013021,915175,,,0.5,8510,,8576,,01/01/1970,31/12/2099,,drug_strength,0
21113380,798874,,,0.75,8576,,8587,,02/08/2018,31/12/2099,,drug_strength,0
41047782,1150886,,,1,8576,,8587,,02/08/2018,31/12/2099,,drug_strength,0
1234668,948582,,,1,8576,,8587,,24/08/2023,31/12/2099,,drug_strength,0
21084431,1316354,,,1,8576,,8587,,02/08/2018,31/12/2099,,drug_strength,0
37496803,1135766,,,1,8576,,8587,,01/01/1970,31/12/2099,,drug_strength,0
36119632,45775584,,,1,8576,,8587,,28/06/2021,31/12/2099,,drug_strength,0
40162510,1174888,,,1,8576,,8587,,01/01/1970,31/12/2099,,drug_strength,0
35861385,1734104,,,1.5,8576,,8587,,02/10/2020,31/12/2099,,drug_strength,0
41045452,42898958,,,1.75,8576,,8587,,02/08/2018,31/12/2099,,drug_strength,0
19073316,19030692,,,250,8576,,8587,,01/01/1970,31/12/2099,,drug_strength,0
1356169,743196,,,1000,8576,,8587,,04/02/2019,31/12/2099,,drug_strength,0
36887959,532454,,,45800,8510,,8587,,02/08/2018,31/12/2099,,drug_strength,0
19093589,909440,,,280,8576,,8587,,01/01/1970,31/12/2099,,drug_strength,0
44026555,42904126,,,267,8576,,8587,,02/08/2018,31/12/2099,,drug_strength,0
40888717,43526082,,,75,8576,,8587,,02/08/2018,31/12/2099,,drug_strength,0
43022359,757688,,,150,8576,,8587,,06/10/2019,31/12/2099,,drug_strength,0
2913329,19036892,,,150,8576,,8587,,30/06/2021,31/12/2099,,drug_strength,0
40224511,1036252,,,300,8576,,8587,,01/01/1970,31/12/2099,,drug_strength,0
44034094,1728416,,,300000,8510,,8587,,02/08/2018,31/12/2099,,drug_strength,0
939547,939259,,,0.09,8576,,45744809,,01/01/1970,31/12/2099,,drug_strength,0
41025504,42898532,,,0.000187,8576,,8576,,02/08/2018,31/12/2099,,drug_strength,0
2934842,19098765,,,0.0496,8576,,8576,,30/06/2021,31/12/2099,,drug_strength,0
2073143,19049105,,,0.0603,8576,,8587,,31/07/2020,31/12/2099,,drug_strength,0
42731414,1398039,,,1.07,8576,,8587,,02/08/2018,31/12/2099,,drug_strength,0
42722608,1314924,,,0.517,8576,,8576,,02/08/2018,31/12/2099,,drug_strength,0
40950994,42904211,,,0.11,8576,,8587,,02/08/2018,31/12/2099,,drug_strength,0
41162706,904351,,,0.078,8576,,8576,,02/08/2018,31/12/2099,,drug_strength,0
40985410,718583,,,0.0002,8576,,8587,,02/08/2018,31/12/2099,,drug_strength,0
40732451,920458,,,0.000025,8576,,8576,,04/06/2018,31/12/2099,,drug_strength,0
2936765,19052736,,,3.4,8576,,8587,,30/06/2021,31/12/2099,,drug_strength,0
44123088,915391,,,0.075,8576,,8587,,02/08/2018,31/12/2099,,drug_strength,0
35855189,19049105,,,0.3,8576,,8587,,02/10/2020,31/12/2099,,drug_strength,0
41047883,1790812,,,0.00667,8576,,8587,,02/08/2018,31/12/2099,,drug_strength,0
42729669,19101454,,,0.951,8576,,8576,,02/08/2018,31/12/2099,,drug_strength,0
42620751,959196,,,0.814,8576,,8576,,02/08/2018,31/12/2099,,drug_strength,0
36263037,1548195,,,0.00208,8576,,8505,,02/08/2018,31/12/2099,,drug_strength,0
40994626,42904299,,,0.0000001,8576,,8587,,02/08/2018,31/12/2099,,drug_strength,0
41205065,19059405,,,0.0000004,8576,,8587,,02/08/2018,31/12/2099,,drug_strength,0
40919864,19066865,,,0.0000008,8576,,8587,,02/08/2018,31/12/2099,,drug_strength,0
42716451,42900227,,,0.00000000015,8576,,8576,,02/08/2018,31/12/2099,,drug_strength,0
40919729,1300673,,,0.504,8510,,8587,,02/08/2018,31/12/2099,,drug_strength,0
40721254,42899580,,,0.0094,8576,,8576,,04/06/2018,31/12/2099,,drug_strength,0
43261705,901656,,,0.046,8576,,8576,,02/08/2018,31/12/2099,,drug_strength,0
43815356,19049105,,,0.0034,8576,,8576,,02/08/2018,31/12/2099,,drug_strength,0
44189113,19009540,,,0.0136,8576,,8576,,02/08/2018,31/12/2099,,drug_strength,0
44169014,19009540,,,0.0136,8576,,8576,,02/08/2018,31/12/2099,,drug_strength,0
41180176,1189596,,,0.0000486,8576,,8576,,02/08/2018,31/12/2099,,drug_strength,0
43726513,19000537,,,2.3,8576,,8587,,02/08/2018,31/12/2099,,drug_strength,0
44089862,19028106,,,0.7,8576,,8587,,02/08/2018,31/12/2099,,drug_strength,0
40838775,19000537,,,1.4,8576,,8587,,02/08/2018,31/12/2099,,drug_strength,0
42726623,42898482,,,43.3,8576,,8587,,02/08/2018,31/12/2099,,drug_strength,0
41025320,19071802,,,0.00012,8576,,8587,,02/08/2018,31/12/2099,,drug_strength,0
42729339,19069149,,,0.676,8576,,8587,,02/08/2018,31/12/2099,,drug_strength,0
40243285,939871,,,0.0299,9551,,8587,,01/01/1970,31/12/2099,,drug_strength,0
19104894,989878,,,0.007,8576,,8576,,01/01/1970,31/12/2099,,drug_strength,0
44032328,948856,,,0.014,8576,,8587,,02/08/2018,31/12/2099,,drug_strength,0
42730612,40798855,,,3.06,8576,,8587,,02/08/2018,31/12/2099,,drug_strength,0
41066552,1550557,,,0.0025,8576,,8576,,02/08/2018,31/12/2099,,drug_strength,0
1234537,925952,,,0.005,8576,,8576,,24/08/2023,31/12/2099,,drug_strength,0
19105150,19099415,,,0.005,8576,,8576,,01/01/1970,31/12/2099,,drug_strength,0
1235078,1143374,,,0.01,8576,,8576,,24/08/2023,31/12/2099,,drug_strength,0
41209282,40799080,,,0.01,8576,,8576,,02/08/2018,31/12/2099,,drug_strength,0
41087468,920458,,,0.01,8576,,8587,,02/08/2018,31/12/2099,,drug_strength,0
41172363,915392,,,0.01,8576,,8576,,02/08/2018,31/12/2099,,drug_strength,0
41192990,44506785,,,0.01,8576,,8576,,02/08/2018,31/12/2099,,drug_strength,0
41020664,40799153,,,0.02,8576,,8576,,02/08/2018,31/12/2099,,drug_strength,0
44063921,1129625,,,0.02,8576,,8587,,02/08/2018,31/12/2099,,drug_strength,0
40243926,967823,,,0.04,9551,,8587,,01/01/1970,31/12/2099,,drug_strength,0
43273920,964407,,,0.154,8576,,8587,,02/08/2018,31/12/2099,,drug_strength,0
44164328,43012157,,,0.000423,8576,,8576,,02/08/2018,31/12/2099,,drug_strength,0
41079379,35604869,,,0.106,8576,,8576,,02/08/2018,31/12/2099,,drug_strength,0
43620110,19095309,,,0.421,8576,,8576,,02/08/2018,31/12/2099,,drug_strength,0
41138955,42900468,,,0.000001,8576,,8587,,02/08/2018,31/12/2099,,drug_strength,0
43851501,987153,,,0.000001,8576,,8576,,02/08/2018,31/12/2099,,drug_strength,0
779590,908464,,,10.8,8576,,8587,,01/01/1970,31/12/2099,,drug_strength,0
40226977,989878,,,0.025,8576,,8576,,01/01/1970,31/12/2099,,drug_strength,0
41179370,35603645,,,0.05,8576,,8576,,02/08/2018,31/12/2099,,drug_strength,0
40984067,922868,,,0.05,8576,,8576,,02/08/2018,31/12/2099,,drug_strength,0
42710107,42899425,,,0.05,8576,,8576,,02/08/2018,31/12/2099,,drug_strength,0
40982490,907879,,,0.05,8576,,8576,,02/08/2018,31/12/2099,,drug_strength,0
42726149,44818471,,,0.05,8576,,8576,,02/08/2018,31/12/2099,,drug_strength,0
43689619,19062817,,,0.05,8576,,8587,,02/08/2018,31/12/2099,,drug_strength,0
21119108,1000995,,,0.1,8576,,8576,,02/08/2018,31/12/2099,,drug_strength,0
44090358,918172,,,0.1,8576,,8587,,02/08/2018,31/12/2099,,drug_strength,0
36885254,1180412,,,0.4,8576,,8576,,02/08/2018,31/12/2099,,drug_strength,0
40993768,918172,,,0.4,8576,,8576,,02/08/2018,31/12/2099,,drug_strength,0
44112485,1000995,,,1.1,8576,,8587,,02/08/2018,31/12/2099,,drug_strength,0
589185,19007572,,,1.6,8576,,8587,,02/08/2018,31/12/2099,,drug_strength,0
19079076,950933,,,0.788,8576,,8576,,01/01/1970,31/12/2099,,drug_strength,0
19131586,19008897,,,1.54,8576,,8587,,01/01/1970,31/12/2099,,drug_strength,0
42716852,19018544,,,0.74,8576,,8587,,02/08/2018,31/12/2099,,drug_strength,0
42713036,19049105,,,0.0108,8576,,8576,,02/08/2018,31/12/2099,,drug_strength,0
41305137,42903948,,,3.34,8576,,8587,,02/08/2018,31/12/2099,,drug_strength,0
40982119,19136048,,,9.36,8576,,8587,,02/08/2018,31/12/2099,,drug_strength,0
46276267,46275999,,,0.03,8576,,8587,,08/09/2015,31/12/2099,,drug_strength,0
42902437,42873956,,,0.03,8576,,8587,,04/09/2012,31/12/2099,,drug_strength,0
41111160,44507754,,,0.06,8576,,8576,,02/08/2018,31/12/2099,,drug_strength,0
41210798,42899425,,,0.24,8576,,8576,,02/08/2018,31/12/2099,,drug_strength,0
40898252,42904027,,,0.34,8576,,8576,,02/08/2018,31/12/2099,,drug_strength,0
41266314,19038024,,,0.00438,8576,,8587,,02/08/2018,31/12/2099,,drug_strength,0
42731079,962398,,,3.6,8576,,8587,,02/08/2018,31/12/2099,,drug_strength,0
40896474,1584910,,,9.9,8510,,8587,,02/08/2018,31/12/2099,,drug_strength,0
40913104,19052736,,,13.4,8576,,8587,,02/08/2018,31/12/2099,,drug_strength,0
43151771,939506,,,14.4,8576,,8587,,02/08/2018,31/12/2099,,drug_strength,0
36052190,740910,,,16.8,8576,,8587,,17/08/2020,31/12/2099,,drug_strength,0
41037910,955372,,,57.6,8576,,8587,,02/08/2018,31/12/2099,,drug_strength,0
44187967,19136048,,,0.9,8576,,8587,,02/08/2018,31/12/2099,,drug_strength,0
19110226,787787,,,1.8,8576,,8587,,01/01/1970,31/12/2099,,drug_strength,0
40861136,948582,,,1.49,8510,,8576,,02/08/2018,31/12/2099,,drug_strength,0
41088138,19006186,,,0.56,8576,,8587,,02/08/2018,31/12/2099,,drug_strength,0
41295066,40798783,,,0.0533,8576,,8576,,02/08/2018,31/12/2099,,drug_strength,0
41173500,19049402,,,0.00002,8576,,8587,,02/08/2018,31/12/2099,,drug_strength,0
43799478,738818,,,0.0198,8576,,8576,,02/08/2018,31/12/2099,,drug_strength,0
41182170,19136048,,,3.62,8576,,8587,,02/08/2018,31/12/2099,,drug_strength,0
43601434,1518254,,,1.31,8576,,8587,,02/08/2018,31/12/2099,,drug_strength,0
40858262,19056447,,,0.00075,8576,,8576,,02/08/2018,31/12/2099,,drug_strength,0
35770953,947705,,,0.0015,8576,,8576,,02/08/2018,31/12/2099,,drug_strength,0
1145636,19044317,,,0.0015,8576,,8576,,01/01/1970,31/12/2099,,drug_strength,0
41056264,19010961,,,0.00025,8576,,8587,,02/08/2018,31/12/2099,,drug_strength,0
44062058,903963,,,0.001,8576,,8576,,02/08/2018,31/12/2099,,drug_strength,0
21109407,920458,,,0.001,8576,,8576,,02/08/2018,31/12/2099,,drug_strength,0
40950775,43525829,,,0.002,8576,,8576,,02/08/2018,31/12/2099,,drug_strength,0
41225008,40798715,,,0.004,8576,,8576,,02/08/2018,31/12/2099,,drug_strength,0
2029441,787787,,,20,8576,2,8587,,31/07/2020,31/12/2099,,drug_strength,0
2029314,19017585,,,100,8576,2,8587,,31/07/2020,31/12/2099,,drug_strength,0
2029626,43525849,,,100,8576,2,8587,,31/07/2020,31/12/2099,,drug_strength,0
43518092,1300673,,,800,8510,2,8587,,02/08/2018,31/12/2099,,drug_strength,0
41342222,19031397,,,1000,8576,2,8587,,02/08/2018,31/12/2099,,drug_strength,0
40717553,19000729,,,3000,8510,2,8587,,04/06/2018,31/12/2099,,drug_strength,0
41339778,42903910,,,0.2,8576,2,8587,,02/08/2018,31/12/2099,,drug_strength,0
587320,735979,,,37.6,8576,2,8587,,02/08/2018,31/12/2099,,drug_strength,0
43757961,790253,,,50,8576,2.5,8587,,02/08/2018,31/12/2099,,drug_strength,0
35413271,45776421,,,2000,8510,3,8587,,02/08/2018,31/12/2099,,drug_strength,0
43843124,1000772,,,3.36,8576,3,8587,,02/08/2018,31/12/2099,,drug_strength,0
43861388,19026674,,,8,8576,4,8587,,02/08/2018,31/12/2099,,drug_strength,0
2906874,1000560,,,8,8576,4,8587,,30/06/2021,31/12/2099,,drug_strength,0
2028632,1315942,,,96,8576,4,8587,,31/07/2020,31/12/2099,,drug_strength,0
36278932,1518254,,,5,8576,5,8587,,02/08/2018,31/12/2099,,drug_strength,0
42921294,1344905,,,50,8576,5,8587,,21/08/2018,31/12/2099,,drug_strength,0
35781158,1177480,,,100,8576,5,8587,,02/08/2018,31/12/2099,,drug_strength,0
44130039,992956,,,400,8576,5,8587,,02/08/2018,31/12/2099,,drug_strength,0
41356097,717136,,,0.25,8576,5,8587,,02/08/2018,31/12/2099,,drug_strength,0
44191785,1717327,,,500,8576,5,8587,,02/08/2018,31/12/2099,,drug_strength,0
21146808,1596977,,,500,8510,5,8587,,02/08/2018,31/12/2099,,drug_strength,0
41353407,1351935,,,600,8510,5,8587,,02/08/2018,31/12/2099,,drug_strength,0
41360803,1315942,,,140,8576,7,8587,,02/08/2018,31/12/2099,,drug_strength,0
43682285,36878890,,,6,9325,10,,,02/08/2018,31/12/2099,,drug_strength,0
43790009,934075,,,10,8576,10,8587,,02/08/2018,31/12/2099,,drug_strength,0
41366900,907879,,,20,8576,10,8587,,02/08/2018,31/12/2099,,drug_strength,0
43826088,1388796,,,54,8576,10,8587,,02/08/2018,31/12/2099,,drug_strength,0
2027311,1550557,,,100,8576,10,8587,,31/07/2020,31/12/2099,,drug_strength,0
2009590,19117912,,,500,8576,10,8587,,31/07/2020,31/12/2099,,drug_strength,0
41364352,704943,,,1000,8576,10,8587,,02/08/2018,31/12/2099,,drug_strength,0
1593914,989878,,,150,8576,10,8587,,01/01/1970,31/12/2099,,drug_strength,0
44131999,1119510,,,15,8576,15,8587,,02/08/2018,31/12/2099,,drug_strength,0
41374540,40798579,,,101,8576,15,8587,,02/08/2018,31/12/2099,,drug_strength,0
43041703,1750500,,,500,8576,15,8587,,06/10/2019,31/12/2099,,drug_strength,0
2904086,1741309,,,160,8576,16,8587,,30/06/2021,31/12/2099,,drug_strength,0
41378667,1036884,,,100,8576,20,8587,,02/08/2018,31/12/2099,,drug_strength,0
43700937,1149196,,,200,8576,20,8587,,02/08/2018,31/12/2099,,drug_strength,0
41377886,19126894,,,760,8576,20,8587,,02/08/2018,31/12/2099,,drug_strength,0
41376581,42903446,,,0.3,8576,20,8587,,02/08/2018,31/12/2099,,drug_strength,0
36966736,1361711,,,9.6,8576,24,8505,,22/05/2023,31/12/2099,,drug_strength,0
36280396,733523,,,13.3,8576,24,8505,,02/08/2018,31/12/2099,,drug_strength,0
44132361,1125315,,,999,8576,30,8587,,02/08/2018,31/12/2099,,drug_strength,0
43737693,1319133,,,10,8576,50,8587,,02/08/2018,31/12/2099,,drug_strength,0
36964618,939259,,,20,8576,50,45744809,,22/05/2023,31/12/2099,,drug_strength,0
41398949,989878,,,1000,8576,50,8587,,02/08/2018,31/12/2099,,drug_strength,0
43647788,1391889,,,2000,8576,50,8587,,02/08/2018,31/12/2099,,drug_strength,0
41399078,44506790,,,0.00005,8576,50,8587,,02/08/2018,31/12/2099,,drug_strength,0
41402899,19000819,,,3000,8576,60,8587,,02/08/2018,31/12/2099,,drug_strength,0
21030415,1517070,,,0.6,8576,60,45744809,,02/08/2018,31/12/2099,,drug_strength,0
1759254,1507835,,,20,8510,100,8587,,01/01/1970,31/12/2099,,drug_strength,0
44134749,19069149,,,240,8576,100,8587,,02/08/2018,31/12/2099,,drug_strength,0
44134839,19052736,,,178,8576,100,8587,,02/08/2018,31/12/2099,,drug_strength,0
35132219,753626,,,1000,8576,100,8587,,11/03/2019,31/12/2099,,drug_strength,0
36053276,1163944,,,2000,8576,100,8587,,17/08/2020,31/12/2099,,drug_strength,0
43811460,1307310,,,357,8576,100,8587,,02/08/2018,31/12/2099,,drug_strength,0
43667112,19011035,,,310,8576,100,8587,,02/08/2018,31/12/2099,,drug_strength,0
41427331,1713332,,,12000,8576,100,8587,,02/08/2018,31/12/2099,,drug_strength,0
43595445,19092849,,,30.5,8576,100,8587,,02/08/2018,31/12/2099,,drug_strength,0
44135097,19006186,,,90,8576,100,8587,,02/08/2018,31/12/2099,,drug_strength,0
2902870,1510417,,,10000,8576,100,8587,,30/06/2021,31/12/2099,,drug_strength,0
43667722,19049059,,,9010,8576,100,8587,,02/08/2018,31/12/2099,,drug_strength,0
41426947,19011069,,,660,8576,100,8587,,02/08/2018,31/12/2099,,drug_strength,0
43685589,46234336,,,510,8576,100,8587,,02/08/2018,31/12/2099,,drug_strength,0
41421218,1398039,,,3.15,8576,100,8587,,02/08/2018,31/12/2099,,drug_strength,0
44135398,19036781,,,25.7,8576,100,8587,,02/08/2018,31/12/2099,,drug_strength,0
36053594,902938,,,19.2,8576,120,45744809,,17/08/2020,31/12/2099,,drug_strength,0
41433074,1518254,,,50,8576,200,8587,,02/08/2018,31/12/2099,,drug_strength,0
41432586,19007600,,,870,8576,200,8587,,02/08/2018,31/12/2099,,drug_strength,0
41435247,1163944,,,1000,8576,200,8587,,02/08/2018,31/12/2099,,drug_strength,0
2025395,1742253,,,1000,8576,200,8587,,31/07/2020,31/12/2099,,drug_strength,0
40710982,977968,,,2000,8576,200,8587,,04/06/2018,31/12/2099,,drug_strength,0
35140208,19010496,,,10000,8576,200,8587,,11/03/2019,31/12/2099,,drug_strength,0
41433908,19046654,,,334,8576,200,8587,,02/08/2018,31/12/2099,,drug_strength,0
21039957,1781321,,,39.2,8587,200,8587,,02/08/2018,31/12/2099,,drug_strength,0
40710101,1125315,,,7990,8576,240,8587,,04/06/2018,31/12/2099,,drug_strength,0
2033763,19036781,,,8.28,8576,0.5,8587,,31/07/2020,31/12/2099,,drug_strength,0
21038049,1308216,,,4,8576,1,8587,,02/08/2018,31/12/2099,,drug_strength,0
2031639,1742253,,,5,8576,1,8587,,31/07/2020,31/12/2099,,drug_strength,0
43734564,1318011,,,5,8576,1,8587,,02/08/2018,31/12/2099,,drug_strength,0
43589858,36878884,,,5,9325,1,,,02/08/2018,31/12/2099,,drug_strength,0
43860123,19071833,,,5,9325,1,,,02/08/2018,31/12/2099,,drug_strength,0
43662447,19088167,,,6,8576,1,8587,,02/08/2018,31/12/2099,,drug_strength,0
21175511,970250,,,7,8576,1,8587,,02/08/2018,31/12/2099,,drug_strength,0
40718818,789578,,,10,8576,1,8587,,04/06/2018,31/12/2099,,drug_strength,0
35135035,40234201,,,20,8576,1,8587,,11/03/2019,31/12/2099,,drug_strength,0
35776271,766529,,,50,8576,1,8587,,02/08/2018,31/12/2099,,drug_strength,0
2009930,19030059,,,50,8576,1,8587,,31/07/2020,31/12/2099,,drug_strength,0
2032654,1136422,,,0.5,8576,1,8587,,31/07/2020,31/12/2099,,drug_strength,0
2032818,1107830,,,1,8576,1,8587,,31/07/2020,31/12/2099,,drug_strength,0
40718819,740560,,,1.25,8576,1,8587,,04/06/2018,31/12/2099,,drug_strength,0
43716445,40161861,,,2000,8510,1,8587,,02/08/2018,31/12/2099,,drug_strength,0
43608538,40171977,,,1430,8510,1,8587,,02/08/2018,31/12/2099,,drug_strength,0
21106953,19010482,,,0.6,8576,1,8587,,02/08/2018,31/12/2099,,drug_strength,0
35777590,963353,,,0.2,8576,1,8587,,02/08/2018,31/12/2099,,drug_strength,0
21087001,1363053,,,1.6,8576,1,8587,,02/08/2018,31/12/2099,,drug_strength,0
43788180,1000772,,,1.12,8576,1,8587,,02/08/2018,31/12/2099,,drug_strength,0
43038930,1584910,,,5,8576,1.5,8587,,06/10/2019,31/12/2099,,drug_strength,0
41493337,1768734,,,5.01,8576,35000,8576,,02/08/2018,31/12/2099,,drug_strength,0
41502927,42904104,,,21000,8576,70000,8576,,02/08/2018,31/12/2099,,drug_strength,0
43611796,43013863,,,6650,8576,70000,8576,,02/08/2018,31/12/2099,,drug_strength,0
41445351,43533029,,,900,8576,900,8576,,02/08/2018,31/12/2099,,drug_strength,0
2022749,19110701,,,8440,8576,1480,8587,,31/07/2020,31/12/2099,,drug_strength,0
41452099,19049024,,,1000,8576,1800,8576,,02/08/2018,31/12/2099,,drug_strength,0
41428289,948582,,,250,8510,125,8587,,02/08/2018,31/12/2099,,drug_strength,0
36281692,1316262,,,1250,8576,125,8587,,02/08/2018,31/12/2099,,drug_strength,0
43596492,19052489,,,3730,8576,250,8587,,02/08/2018,31/12/2099,,drug_strength,0
35828316,1344143,,,12500,8576,250,8587,,21/01/2021,31/12/2099,,drug_strength,0
43286992,961145,,,12500,8576,250,8587,,02/08/2018,31/12/2099,,drug_strength,0
36896768,939506,,,21300,8576,250,8587,,02/08/2018,31/12/2099,,drug_strength,0
43176642,19006692,,,100,8576,500,8587,,02/08/2018,31/12/2099,,drug_strength,0
43669510,19136048,,,1360,8576,500,8587,,02/08/2018,31/12/2099,,drug_strength,0
2907255,19088571,,,3000,8576,500,8587,,30/06/2021,31/12/2099,,drug_strength,0
41442074,929549,,,1250,8576,500,8587,,02/08/2018,31/12/2099,,drug_strength,0
44200283,901656,,,5000,8576,500,8587,,02/08/2018,31/12/2099,,drug_strength,0
41440564,19137312,,,59.5,8576,500,8587,,02/08/2018,31/12/2099,,drug_strength,0
44200316,19004724,,,860,8576,500,8587,,02/08/2018,31/12/2099,,drug_strength,0
43615251,1344143,,,22500,8576,500,8587,,02/08/2018,31/12/2099,,drug_strength,0
2009314,1185922,,,30,8576,1000,8576,,31/07/2020,31/12/2099,,drug_strength,0
43823534,1359143,,,1000,8576,1000,8576,,02/08/2018,31/12/2099,,drug_strength,0
43044429,1790812,,,2000,8576,1000,8587,,06/10/2019,31/12/2099,,drug_strength,0
43769755,961145,,,25900,8576,1000,8587,,02/08/2018,31/12/2099,,drug_strength,0
42918220,19088167,,,3000,8576,1000,8587,,21/08/2018,31/12/2099,,drug_strength,0
42481226,1560524,,,40000,8576,1000,8587,,02/08/2018,31/12/2099,,drug_strength,0
43705954,967823,,,9000,8576,1000,8587,,02/08/2018,31/12/2099,,drug_strength,0
41448338,911486,,,20300,8576,1000,8587,,02/08/2018,31/12/2099,,drug_strength,0
43759970,19006186,,,270,8576,1000,8587,,02/08/2018,31/12/2099,,drug_strength,0
2009249,19066774,,,10200,8576,1000,8587,,31/07/2020,31/12/2099,,drug_strength,0
43842227,1560524,,,500000,8576,1000,8587,,02/08/2018,31/12/2099,,drug_strength,0
43625526,1784749,,,6.2,8576,1000,8576,,02/08/2018,31/12/2099,,drug_strength,0
41480905,19056447,,,15,8576,15000,8576,,02/08/2018,31/12/2099,,drug_strength,0
41481406,19056694,,,300,8576,15000,8576,,02/08/2018,31/12/2099,,drug_strength,0
2906050,917205,,,15,8576,30000,8576,,30/06/2021,31/12/2099,,drug_strength,0
35796175,1707164,,,225,8576,30000,8576,,02/08/2018,31/12/2099,,drug_strength,0
43683125,959196,,,387,8576,30000,8576,,02/08/2018,31/12/2099,,drug_strength,0
43521578,975125,,,150,8576,30000,8576,,02/08/2018,31/12/2099,,drug_strength,0
21088277,907879,,,600,8576,30000,8576,,02/08/2018,31/12/2099,,drug_strength,0
44201867,19007600,,,37600,8576,1880,8587,,02/08/2018,31/12/2099,,drug_strength,0
41520571,42899921,,,492,8576,400000,8576,,02/08/2018,31/12/2099,,drug_strength,0
43809394,984232,,,50,8576,50000,8576,,02/08/2018,31/12/2099,,drug_strength,0
41500405,19035598,,,1000,8576,50000,8576,,02/08/2018,31/12/2099,,drug_strength,0
43702978,36878874,,,35000,8576,100000,8576,,02/08/2018,31/12/2099,,drug_strength,0
43666912,1401574,,,50000,8576,100000,8576,,02/08/2018,31/12/2099,,drug_strength,0
36073566,42903865,,,5000,8576,100000,8576,,17/08/2020,31/12/2099,,drug_strength,0
43828698,1397059,,,40000,8576,100000,8576,,02/08/2018,31/12/2099,,drug_strength,0
43594686,40172084,,,40000,8576,100000,8576,,02/08/2018,31/12/2099,,drug_strength,0
43522099,1180412,,,9000,8576,100000,8576,,02/08/2018,31/12/2099,,drug_strength,0
43756309,42900001,,,1500,8576,1500,8576,,02/08/2018,31/12/2099,,drug_strength,0
2009188,19069149,,,2790,8576,1500,8587,,31/07/2020,31/12/2099,,drug_strength,0
43175083,985708,,,120,8576,6000,8576,,02/08/2018,31/12/2099,,drug_strength,0
41470790,1724869,,,4030,8576,4030,8576,,02/08/2018,31/12/2099,,drug_strength,0
43719130,19012585,,,10000,8510,49,8576,,02/08/2018,31/12/2099,,drug_strength,0